experiment,ngram_range,max_features,accuracy,precision_fake,recall_fake,f1_fake,macro_f1
tfidf_logreg,"(1,2)",50000,0.9914141414141414,0.9939698492462311,0.989,0.9914786967418546,0.9914136486253802
tfidf_linear_svm,"(1,2)",50000,0.997979797979798,1.0,0.996,0.9979959919839679,0.9979796660530837
tfidf_multinomial_nb,"(1,2)",50000,0.9742424242424242,0.974974974974975,0.974,0.9744872436218109,0.9742400522035624
